取材名,媒体名,公約内容
ｙｔｒ来店実践,SEVENSTV,来店実践
Ａレポート,アツ姫,Aタイプに高設定投入
黒バラの極意(来店ver),ジャンバリ.TV,
鮮魚レポート,アメスロ,
魔法少女レポート スロット取材,爆ガチ！,まどかマギカシリーズが狙い目
魔法少女レポート ,爆ガチ！,まどマギシリーズが狙い目
鬼ばかり取材,DMMぱちタウン,
飛ばせ!最玉,パチンコウォーカー,
降臨シリーズ 四神画像,DMMぱちタウン,未調査
降臨シリーズ ヘラクレス×オーディン,DMMぱちタウン,"4台↑機種の2機種以上1/2高設定かつ
　　　3台並び以上で4か所以上に高設定"
降臨シリーズ トールハンマー,DMMぱちタウン,特定末尾番台に高設定を一部投入
降臨シリーズ シヴァ,DMMぱちタウン,設定６を６機種に投入
降臨シリーズ オーディン極,DMMぱちタウン,
降臨シリーズ オーディン,DMMぱちタウン,3台並び以上で4か所以上に高設定
降臨シリーズ アテナ,DMMぱちタウン,
阿波みなみ来店,その他取材・企画,
閃光乱華(ゲッツ!!),ゲッツ!!,
金字塔,アツ姫,
遊ぱちレポート,爆ガチ！,甘デジが対象
遊×スロパチンカー,パチンコ店長のホール攻略,
週末GOGOレポート,爆ガチ！,ジャグラーシリーズが狙い目
近隣の旧イベ(毎月 19日)対抗日,旧イベ,
近隣の旧イベ 毎月 25日対抗日,対抗,近隣の店舗を要チェック
近隣の旧イベ ゾロ目の日対抗日,対抗,近隣の店舗を要チェック
近隣の旧イベ 7のつく日対抗日,対抗,近隣の店舗を要チェック
超モンスターレコード取材,パチンコウォーカー,
超パチンコ取材,パチンコウォーカー,
超HiTension取材,でちゃう！,
赤羽六華来店,その他取材・企画,
覇王降臨,パチマガスロマガ,
裏頂天,スクープTV,番長シリーズに設定5を1/5以上
萌スロcollection,パチマガスロマガ,萌スロシリーズが狙い目
華麗なる編集部取材,アツ姫,
華取材,DMMぱちタウン,
華まるガチンコ調査,名探偵ショウゴローの…,
英雄の軌跡(DMM),DMMぱちタウン,
英雄の軌跡 ,DMMぱちタウン,"4台以上機種に全6が2機種以上
　　　6台以上機種の全てに6を1/6以上"
苦愛取材～4番は俺だ！ 初,天草ヤスヲのちゅんげーリサーチ,来店実践
苦愛取材～4番は俺だ！,天草ヤスヲのちゅんげーリサーチ,来店実践
苦愛収録,天草ヤスヲのちゅんげーリサーチ,来店実践
聖戦士９０％オーバーレポート,爆ガチ！,大工の源さんが狙い目の取材
美ら波乗り取材,アツ姫,
絢爛華麗,アツ姫,
突撃回胴取材         スロマガ,パチマガスロマガ,未調査
究SLOT,アツ姫,
究PACHINKO,アツ姫,
石川リサーチ,アツ姫,
真・執念取材,スクープTV,不明　教えてください
真ツクヨミ,ジャンバリ.TV,
百裂神拳レポートＳＬＯＴ,爆ガチ！,北斗シリーズが狙い目
百機良乱,スクープTV,バラエティー設定456を1/3以上投入
痛烈な批判を聞かせてくれ,でちゃう！,
番組収録(ジャンバリ),ジャンバリ.TV,
番組収録 ジャンバリ,ジャンバリ.TV,来店実践
番組収録,不明,来店実践
男の華道,DMMぱちタウン,
琉球レポート,アメスロ,
王者凱旋,アツ姫,
王様旋風,でちゃう！,
玄武レポート『塊』,爆ガチ！,設定⑤⑥2台以上並びの塊を2ヵ所以上
特売会(ゲッツ!!),ゲッツ!!,
爆スロ 連,爆スロ,4台並びで複数箇所存在(機種またぎ有り)
爆スロ 赤色,爆スロ,未調査
爆スロ 全,爆スロ,全台形が複数箇所存在
爆スロ 光,爆スロ,ジャグラーが対象の模様
熱盛アンケート,パチスロ熱盛(@zPLie1cOUYtF6sW),
無双世紀末レポート,爆ガチ！,北斗シリーズが狙い目
潜入取材ギガテン,スロパチステーション,未調査
漢気,DMMぱちタウン,
漢オフミー開催,オフミー,"特に公約はなし、編集部取材よりは
　　　配分がいいのが特徴"
源界突破レポート 爆ガチ,爆ガチ！,大工の源さんが狙い目
満天☆STARKewlⅡ,アツ姫,"4か所以上に3台並び以上
　　で全台高設定"
満天☆STARKewlIII,アツ姫,3台以上の連番3箇所以上が機械割100%↑
満天☆STAR Zeal Ⅱ,アツ姫,３機種以上に高設定台あり(強化版)
満天☆STAR Zeal,アツ姫,３機種以上に高設定台あり
満天☆STAR PassionZ,アツ姫,パチンコ(三機種以上に+ボーダーあり）
満天☆STAR Passion Z,アツ姫,パチンコ(三機種以上に+ボーダーあり）
満天☆STAR Passion K,アツ姫,パチンコ(三機種以上に+ボーダーあり）
満天☆STAR Kewl Ⅱ,アツ姫,"4か所以上に3台並び以上
　　で全台高設定"
満天☆STAR Kewl,アツ姫,３台以上の高設定並びが4箇所以上
満天☆STAR JOY,アツ姫,ジャグラー3機種以上が機械割100%以上
満天★STAR ZEAL,アツ姫,３機種以上に高設定台あり
満天★STAR KEWL,アツ姫,３台以上の高設定並びが4箇所以上
満天★STAR JOY,アツ姫,ジャグラー3機種以上が機械割100%以上
満台が見たい!!,アツ姫,設置台数の10％が設定56
海人取材(DMM),DMMぱちタウン,
海レポート,爆ガチ！,パチンコ大海物語が対象
沖花レポート,APチャンネル,
決闘英雄,アツ姫,
求道者取材,でちゃう！,
橘リノ,エースプロ,
楽パチ,ゲッツ!!,
極･究SLOT,アツ姫,対象機種が紙面に載っている
極PACHINKO,ジャンバリ.TV,
森あやこ来店(パチンコウォーカー),パチンコウォーカー,
東海エリアの名物ホールを調査!!,アツ姫,
東海 午後から編集部,でちゃう！,
来店実戦_BASHtv,BASHtv,来店実践
末代まで語れる自慢話を聞かせてくれ,でちゃう！,
最光超,アツ姫,
最光取材極,パチンコウォーカー,
暴走取材,DMMぱちタウン,
暴走パチンコレポート,爆ガチ！,"エヴァシリーズ（パチンコ）
　　　1/3以上で回るっぽい"
暴走スロットレポート,爆ガチ！,"エヴァシリーズ（スロット）
　　　1/3以上で高設定投入"
暴走スパジャッジ!!,スパ満開WEB,
旧イベ過去状況評価 加点なし,ホールナビ,
旧イベ過去状況評価 +4.0,ホールナビ,
旧イベ過去状況評価 +2.5,ホールナビ,
旧イベ過去状況評価 +1.5,ホールナビ,
旧イベ過去状況評価 +1.0,ホールナビ,
旧イベ過去状況評価 +0.5,ホールナビ,
旧イベ(毎週 金曜日),旧イベ,
旧イベ(毎週 火曜日),旧イベ,
旧イベ(毎週 水曜日),旧イベ,
旧イベ(毎週 木曜日),旧イベ,
旧イベ(毎週 月曜日),旧イベ,
旧イベ(毎週 日曜日),旧イベ,
旧イベ(毎週 土曜日),旧イベ,
旧イベ(毎月 第3金曜日),旧イベ,
旧イベ(毎月 第3日曜日),旧イベ,
旧イベ(毎月 第3土曜日),旧イベ,
旧イベ(毎月 22日),旧イベ,
旧イベ(毎月 21日),旧イベ,
旧イベ(毎月 20日),旧イベ,
旧イベ(毎月 19日),旧イベ,
旧イベ(毎月 18日),旧イベ,
旧イベ(毎月 17日),旧イベ,
旧イベ(毎月 16日),旧イベ,
旧イベ(毎月 15日),旧イベ,
旧イベ(ゾロ目の日),旧イベ,
旧イベ(9のつく日),旧イベ,
旧イベ(8のつく日),旧イベ,
旧イベ(7のつく日),旧イベ,
旧イベ(6のつく日),旧イベ,
旧イベ(5のつく日),旧イベ,
旧イベ(2のつく日),旧イベ,
旧イベ(1のつく日),旧イベ,
旧イベ(0のつく日),旧イベ,
新基準RESEARCH,DMMぱちタウン,
新台入替(P-WORLD引用),新台入替,
据膳上膳,BASHtv,高設定据置示唆
拳闘取材,アツ姫,
打ちたい台が固まっているか聞かせてくれ！プレミアム,でちゃう！,
打ちたい台が固まっているか聞かせてくれ,でちゃう！,
打ちごろ!,スクープTV,全体の10%以上が設定⑤⑥
才華欄発スパジャッジ!!,スパ満開WEB,
手羽さき来店,その他取材・企画,
快盗天使レポート,アツ姫,ツインエンジェル示唆
必勝本ライター来店情報,パチスロ必勝本,来店実践
必勝本ライター来店 青山りょう,パチスロ必勝本,来店実践
必勝本ライター来店 辻ヤスシ,パチスロ必勝本,来店実践
必勝本ライター来店 美原アキラ,パチスロ必勝本,来店実践
必勝本ライター来店 椎名まいたけ,パチスロ必勝本,来店実践
必勝本ライター来店 梅屋シン,パチスロ必勝本,来店実践
必勝本ライター来店 松真ユウ,パチスロ必勝本,来店実践
必勝本ライター来店 嵐,パチスロ必勝本,来店実践
必勝本ライター来店 射駒タケシ,パチスロ必勝本,来店実践
必勝本ライター来店 天草ヤスヲ,パチスロ必勝本,来店実践
必勝本ライター来店 ヒラヤマン,パチスロ必勝本,来店実践
必勝本ライター来店 ノリオ,パチスロ必勝本,来店実践
必勝本ライター来店 クボンヌ,パチスロ必勝本,来店実践
弦朧ノ契,スクープTV,バジシリーズに設定456を1/3以上
屋台来店,DMMぱちタウン,
寺やる!,スクープTV,来店実践
実践来店,不明,誰かの来店
実践収録,不明,誰かの来店
実戦来店 ジャンバリTV,ジャンバリ.TV,未調査
実戦来店,不明,未調査
実戦取材(パチマガスロマガ),パチマガスロマガ,
天草ヤスヲ稼働予定,天草ヤスヲのちゅんげーリサーチ,来店実践
天下繫栄-HALF SPARKING,アツ姫,
大航海取材(ゲッツ!!),ゲッツ!!,
大波取材,アツ姫,
夢幻 夢戦,チーム夢戦,北斗無双が対象になる
夢幻 ,チーム夢戦,不明 知ってる人教えてください
型破りパチ取材,スロパチステーション,
回胴連,回胴連,回胴連
回胴アンケ,ニコナナ,列や3台以上の機種で全台系
四暗刻,BASHtv,3台並びが4箇所
周年日 ★×3,ホールナビ,
周年日 ★×2,ホールナビ,
周年日 ★×1,ホールナビ,
周年日 ★×0,ホールナビ,
周年取材(ゲッツ!!),ゲッツ!!,
司芭扶来店実践,SEVENSTV,来店実践
右京来店,その他取材・企画,
収録 静香&マリアのななはん,ジャンバリ.TV,特になし
収録 ガリのり,ジャンバリ.TV,ジャグラーが狙い目
双龍連,一撃✖️DMM,未調査
双龍玉 ,一撃✖️DMM,パチンコ2BOXが対象？
双龍玉,一撃✖️DMM,パチンコ2BOXが対象
双龍,一撃&DMM,4台構成以上の機種に高設定を2箇所投入
厳選取材(アメスロ),アメスロ,
動画収録,不明,動画収録
全国プレミアムホール取材,アツ姫,不明 知ってる人教えてください
全体分析,ななライズ,
光線取材,DMMぱちタウン,
光るん×スロッター,パチンコ店長のホール攻略,
優良店の店内移動レポート 爆ガチ,爆ガチ！,不明 知ってる人教えてください
俺好み,一撃,バラエティに3台並びが2箇所
俺のパチンコ,スクープTV,パチンコ特定機種(HP参照)
俺のスロット,スクープTV,"対象機種（最大で5機種）の
　　　1/3以上に設定456を投入"
低王RESEARCH(銀),DMMぱちタウン,
低ガチ!,爆ガチ！,低貸しが対象
低カチ取材,DMMぱちタウン,
五神獣広告(輝獣),五神獣,
中野連れ打ち,でちゃう,未調査
並ばせ屋が診る!,並ばせ屋,"全台設定⑥を2機種
　　　もしくは2箇所（列）"
上限突破取材,DMMぱちタウン,
三重リサーチ,アツ姫,
三暗刻 全国優良ホールレポート三(アメスロ),アメスロ,
三暗刻,BASHtv,3台並びで高設定が3箇所
三位一体,アツ姫,
万パチミー 初開催,オフミー,未調査
七色れあを探さないでください,オフミー,
一角獣取材,アツ姫,
ヴェルデクス レポート,アメスロ,全⑤⑥機種(３台以上)が２機種以上
ワロス来店実践,SEVENSTV,来店実践
ワサビ103％,APチャンネル,
ロードオブパチンコ,アツ姫,
リベンジャーズ卍,リベンジャーズ,
リニューアルオープンレポート,爆ガチ！,リニューアル専用取材
リアルモンスタークロス,DMMぱちタウン,
ランダムスパジャッジ!!,スパ満開WEB,
ライン分析,ななライズ,
ライラプス,アツ姫,"3台以上構成の機種のうち
　　　1機種以上に全456"
メテオス,不明,不明 知ってる人教えてください
メガフレアレポート(アメスロ),アメスロ,
メガサンダー,BASHtv,??? 知ってる人教えてください
メガオロチ,ジャンバリ.TV,"3台以上設置機種の2機種
　　　が全台設定5以上"
ミラクル8取材,でちゃう！,
マスターオブパチンコ,アツ姫,
マジ活 でちゃう,でちゃう,未調査
マキシマムスロッター,パチンコ店長のホール攻略,
ホールサーチマン 金色,ホールサーチマン,サーチマンHP上の3機種が狙い目
ホールサーチマン 金枠,ホールサーチマン,
ホールサーチマン 赤色,ホールサーチマン,サーチマンHP上の3機種が狙い目
ホールサーチマン 赤枠(パチ),ホールサーチマン,
ホールサーチマン 赤枠,ホールサーチマン,
ホールサーチマン 虹色,ホールサーチマン,サーチマンHP上の3機種が狙い目
ホールサーチマン 予想人数多い,ホールサーチマン,未調査
ホールサーチマン ,ホールサーチマン,予想人数の多さで察してください
ホームランボール,DMMぱちタウン,
ホル調,パチ7,不明 知ってる人教えてください
ペカリ全国一斉取材,爆ガチ！,ジャグラーシリーズが狙い目
プレミアムライラプス,アツ姫,"3台以上構成の機種のうち
　　　1機種以上に全6"
プレミアムペルセウス,アツ姫,未調査
プレミアムヒュドラ,アツ姫,5台以上設置機種に1台以上設定5.6
プレミアムパチセウス,アツ姫,
プレミアムゼウス,アツ姫,
プレミアムジャンヌダルク(アメスロ),アメスロ,
プレミアムジャッジメントS,アツ姫,
プレミアムジャッジメントP,アツ姫,
プレミアムオルトロス,アツ姫,３台以上機種限定で設定全６
プレミアム×パチンカー,パチンコ店長のホール攻略,
プレミアムNARABU無双,アツ姫,並び2箇所で5台以上設定⑥
プレミアムNARABU LEGEND,アツ姫,
プレミアム ゴールデン スロット,ジャンバリ.TV,
プラチナオルトロス,アツ姫,"3台以上設置の機種限定で
　　　全56を2ヵ所以上"
ブレイブバンド-獅子奮迅-,アツ姫,
ブレイブバンド-九頭龍咆哮-,アツ姫,
ブレイクリポート,ゲッツ!!,
ブラックフェニックス,アツ姫,8台構成以上2機種が1/2設定⑤⑥
ブッコミ実戦調査,天草ヤスヲのちゅんげーリサーチ,"パネル,列,機種単位が全台系が複数"
ブッコミデータまとめ！,天草ヤスヲのちゅんげーリサーチ,"パネル,列,機種単位が全台系が複数"
フルスピン,スクープTV,"全⑥を1機種以上投入
　　　対象は3台以上設置の機種"
フラッシュ取材,娯楽の殿堂,ジャグラー6台に高設定投入
フラッシュスクープ(アメスロ),アメスロ,
フラッシュスクープ,爆ガチ！,ジャグラーシリーズが狙い目
フラッシュ feat.QUEEN,娯楽の殿堂,"ジャグラーシリーズの特定末尾の
　　　台番号に全台高設定を投入"
フラッシュ feat.KING,娯楽の殿堂,未調査
フラッシュ feat.JOKER,娯楽の殿堂,未調査
フェニックスNEO,アツ姫,全体の10％が設定56
フェニックス,アツ姫,全台の10%の台に設定456
ピカリ取材,DMMぱちタウン,
ヒュドラ,アツ姫,5台以上設置機種に1台以上設定56
ヒッポツアー,hippo,全⑥機種を1機種以上設置
パーフェクトパチンコ,爆ガチ！,不明 知ってる人教えてください
パチ嬢みき来店,その他取材・企画,
パチンコバトル取材,DMMぱちタウン,
パチンコ&スロット全機種調査団,ジャンバリ.TV,全機種全台対象(公約無し)
パチンコ&スロット低貸し取材,ゲッツ!!,
パチンカー×パチンカー広告,パチンコ店長のホール攻略,未調査
パチンカー×パチンカー 初開催,パチンコ店長のホール攻略,"パチンコ2機種以上で分岐営業
　　　対象機種はHP要確認"
パチンカー×パチンカー,パチンコ店長のホール攻略,"パチンコ2機種以上で分岐営業
　　　対象機種はHP要確認"
パチミー取材,オフミー,未調査
パチミー初開催,オフミー,パチンコに注目
パチミー初取材,オフミー,未調査
パチミー(来店なし),オフミー,
パチマガスロマガSTAR BATTLE,パチスロ必勝本,未調査
パチトロス,アツ姫,
パチスロ確定演出!?ハンター,一撃,対象機種が確定系が出る機種
バンザイ遊パチ取材,ゲッツ!!,
バラエティコレクション,ジャンバリ.TV,
バチバチ,アツ姫,
ハナ娘取材,ゲッツ!!,
ネテロ会長予想（みんパチ予想）,パチンコ店長のホール攻略,未調査
ネクストゾーン実践来店(霧島ダイヤ),ネクストゾーン,
ネクストゾーン実践来店(ゴールドさん),ネクストゾーン,
ニャントロス,アツ姫,2台以上設置の2機種以上に設定56投入
ナビ子AI予想【機種仕掛け】★5+ (毎週 土曜日),ホールナビ,
ナビ子AI予想【機種仕掛け】★5 (毎週 金曜日),ホールナビ,
ナビ子AI予想【機種仕掛け】★5 (毎週 日曜日),ホールナビ,
ナビ子AI予想【機種仕掛け】★5 (毎週 土曜日),ホールナビ,
ナビ子AI予想【機種仕掛け】★5 (9のつく日),ホールナビ,
ナビ子AI予想【機種仕掛け】★5 (8のつく日),ホールナビ,
ナビ子AI予想【機種仕掛け】★5 (7のつく日),ホールナビ,
ナビ子AI予想【機種仕掛け】★4 (毎週 土曜日),ホールナビ,
ナビ子AI予想【機種仕掛け】★4 (ゾロ目の日),ホールナビ,
ナビ子AI予想【機種仕掛け】★4 (8のつく日),ホールナビ,
ナビ子AI予想【機種仕掛け】★4 (5のつく日),ホールナビ,
ナビ子AI予想【機種仕掛け】★4 (1のつく日),ホールナビ,
ナビ子AI予想【機種仕掛け】★4 (0のつく日),ホールナビ,
ナビ子AI予想【機種仕掛け】★3 (毎週 火曜日),ホールナビ,
ナビ子AI予想【機種仕掛け】★3 (毎週 水曜日),ホールナビ,
ナビ子AI予想【機種仕掛け】★3 (毎週 日曜日),ホールナビ,
ナビ子AI予想【機種仕掛け】★3 (毎週 土曜日),ホールナビ,
ナビ子AI予想【機種仕掛け】★3 (ゾロ目の日),ホールナビ,
ナビ子AI予想【機種仕掛け】★3 (9のつく日),ホールナビ,
ナビ子AI予想【機種仕掛け】★3 (8のつく日),ホールナビ,
ナビ子AI予想【機種仕掛け】★3 (7のつく日),ホールナビ,
ナビ子AI予想【機種仕掛け】★3 (5のつく日),ホールナビ,
ナビ子AI予想【機種仕掛け】★3 (2のつく日),ホールナビ,
ナビ子AI予想【機種仕掛け】★3 (1のつく日),ホールナビ,
ナビ子AI予想【機種仕掛け】★3 (0のつく日),ホールナビ,
ナビ子AI予想【機種仕掛け】★2 (毎週 日曜日),ホールナビ,
ナビ子AI予想【機種仕掛け】★2 (毎週 土曜日),ホールナビ,
ナビ子AI予想【機種仕掛け】★2 (ゾロ目の日),ホールナビ,
ナビ子AI予想【機種仕掛け】★2 (9のつく日),ホールナビ,
ナビ子AI予想【機種仕掛け】★2 (8のつく日),ホールナビ,
ナビ子AI予想【機種仕掛け】★2 (7のつく日),ホールナビ,
ナビ子AI予想【機種仕掛け】★2 (6のつく日),ホールナビ,
ナビ子AI予想【機種仕掛け】★2 (5のつく日),ホールナビ,
ナビ子AI予想【機種仕掛け】★2 (2のつく日),ホールナビ,
ナビ子AI予想【機種仕掛け】★2 (1のつく日),ホールナビ,
ナビ子AI予想【機種仕掛け】★2 (0のつく日),ホールナビ,
ナビ子AI予想【機種仕掛け】★1 (毎週 金曜日),ホールナビ,
ナビ子AI予想【機種仕掛け】★1 (毎週 火曜日),ホールナビ,
ナビ子AI予想【機種仕掛け】★1 (毎週 水曜日),ホールナビ,
ナビ子AI予想【機種仕掛け】★1 (毎週 木曜日),ホールナビ,
ナビ子AI予想【機種仕掛け】★1 (毎週 月曜日),ホールナビ,
ナビ子AI予想【機種仕掛け】★1 (毎週 日曜日),ホールナビ,
ナビ子AI予想【機種仕掛け】★1 (毎週 土曜日),ホールナビ,
ナビ子AI予想【機種仕掛け】★1 (ゾロ目の日),ホールナビ,
ナビ子AI予想【機種仕掛け】★1 (9のつく日),ホールナビ,
ナビ子AI予想【機種仕掛け】★1 (8のつく日),ホールナビ,
ナビ子AI予想【機種仕掛け】★1 (7のつく日),ホールナビ,
ナビ子AI予想【機種仕掛け】★1 (6のつく日),ホールナビ,
ナビ子AI予想【機種仕掛け】★1 (5のつく日),ホールナビ,
ナビ子AI予想【機種仕掛け】★1 (2のつく日),ホールナビ,
ナビ子AI予想【機種仕掛け】★1 (1のつく日),ホールナビ,
ナビ子AI予想【機種仕掛け】★1 (0のつく日),ホールナビ,
ナビ子AI予想【差枚プラス】★5 (毎週 金曜日),ホールナビ,
ナビ子AI予想【差枚プラス】★5 (毎週 水曜日),ホールナビ,
ナビ子AI予想【差枚プラス】★5 (毎週 土曜日),ホールナビ,
ナビ子AI予想【差枚プラス】★5 (8のつく日),ホールナビ,
ナビ子AI予想【差枚プラス】★5 (7のつく日),ホールナビ,
ナビ子AI予想【差枚プラス】★5 (5のつく日),ホールナビ,
ナビ子AI予想【差枚プラス】★5 (2のつく日),ホールナビ,
ナビ子AI予想【差枚プラス】★5 (1のつく日),ホールナビ,
ナビ子AI予想【差枚プラス】★5 (0のつく日),ホールナビ,
ナビ子AI予想【差枚プラス】★3 (毎週 金曜日),ホールナビ,
ナビ子AI予想【差枚プラス】★3 (毎週 水曜日),ホールナビ,
ナビ子AI予想【差枚プラス】★3 (毎週 土曜日),ホールナビ,
ナビ子AI予想【差枚プラス】★3 (ゾロ目の日),ホールナビ,
ナビ子AI予想【差枚プラス】★3 (9のつく日),ホールナビ,
ナビ子AI予想【差枚プラス】★3 (7のつく日),ホールナビ,
ナビ子AI予想【差枚プラス】★3 (6のつく日),ホールナビ,
ナビ子AI予想【差枚プラス】★3 (5のつく日),ホールナビ,
ナビ子AI予想【差枚プラス】★3 (2のつく日),ホールナビ,
ナビ子AI予想【差枚プラス】★3 (1のつく日),ホールナビ,
ナビ子AI予想【差枚プラス】★3 (0のつく日),ホールナビ,
ナビ子AI予想【差枚プラス】★1 (毎週 水曜日),ホールナビ,
ナビ子AI予想【差枚プラス】★1 (毎週 日曜日),ホールナビ,
ナビ子AI予想【差枚プラス】★1 (毎週 土曜日),ホールナビ,
ナビ子AI予想【差枚プラス】★1 (ゾロ目の日),ホールナビ,
ナビ子AI予想【差枚プラス】★1 (9のつく日),ホールナビ,
ナビ子AI予想【差枚プラス】★1 (8のつく日),ホールナビ,
ナビ子AI予想【差枚プラス】★1 (7のつく日),ホールナビ,
ナビ子AI予想【差枚プラス】★1 (6のつく日),ホールナビ,
ナビ子AI予想【差枚プラス】★1 (5のつく日),ホールナビ,
ナビ子AI予想【差枚プラス】★1 (2のつく日),ホールナビ,
ナビ子AI予想【差枚プラス】★1 (1のつく日),ホールナビ,
ナビ子AI予想【差枚プラス】★1 (0のつく日),ホールナビ,
ナイン×スロッター,パチンコ店長のホール攻略,
ドリスロ：全台系,dorislo,全台系に高設定が複数カ所投入
ドリスロ：ジャグラー,dorislo,ジャグラー系に高設定が複数台投入
ドリスロ：3台並び,dorislo,3台並びに高設定が複数カ所投入
ドキドキ取材(ゲッツ),ゲッツ!!,
ドキっと!レポート,アツ姫,
ドカ積みドリーム,スクープTV,パチンコ取材
トントンマン,DMMぱちタウン,8機種に1/2で設定456投入
トレジャーミッション,DMMぱちタウン,
トレジャーボックス,爆ガチ！,BOX単位で高設定が複数
トレジャーハント【numberｓ】,APチャンネル,
トリプルジャッジ,でちゃう！,
トリプルZ,でちゃう！,
デジャブレポート,爆ガチ！,高設定据置示唆
デカ取材,DMMぱちタウン,
テトスロ（でちゃう）,でちゃう,未調査
ツクヨミ,ジャンバリ.TV,
ツインズ スロット取材,ゲッツ!!,
ダブルスナイプ,アツ姫,
ダブジャクエスト(初),ダブルジャッジ,
ダブジャクエスト 初,Gooパチ,"装備のアイコンにそれぞれ対応した
　　　公約が存在"
ダブジャクエスト,Gooパチ,"装備のアイコンにそれぞれ対応した
　　　公約が存在"
ダブジャ,Gooパチ,機種やパネルや島単位での全台系
ダイナマイトスロット,スクープTV,HPに対象機種があるので要確認
タレント来店 ,不明,来店実践
タイガーハンター,アツ姫,
ゼブラ保留,ガチアン,
ズバパチミレニアム,あかだ主任のガチンコ…,
ズバスロ３０,あかだ主任のガチンコ…,
ズバスロA極,あかだ主任のガチンコ…,
ズバスロA,あかだ主任のガチンコ…,
ズバスロ,あかだ主任のガチンコ…,
ズキュン！デュオ,パチスロ必勝本,特定の末尾に高設定投入
スロ子&パチ子来店,スロパチステーション,
スロレポ 爆ガチ!,爆ガチ！,不明 知ってる人教えてください
スロマガ超ユーザーリサーチ,パチマガスロマガ,未調査
スロマガ超インパクト取材,パチマガスロマガ,全台系が少なくとも5機種は設置
スロパチ潜入取材結,スロパチステーション,"高設定が6台並びで投入
　　　200台なら3箇所,400台なら6箇所"
スロパチ潜入取材光,スロパチステーション,"ジャグラー系が102%以上で営業
　　　ジャグラー系最強クラスの取材"
スロパチ潜入取材メガテン,スロパチステーション,番長3と絆2がチャンス?3台並びも◎
スロパチ潜入取材 結,スロパチステーション,未調査
スロパチ潜入取材 光,スロパチステーション,"ジャグラー系が102%以上で営業
　　　ジャグラー系最強クラスの取材"
スロパチ潜入取材 メガテン,スロパチステーション,"番長3,絆2に6台並びで設定56投入
　　　その他並びで3か所に高設定投入"
スロパチ潜入取材 トレジャー,スロパチステーション,特定の台番の末尾に105%以上
スロパチ潜入取材,スロパチステーション,"等価で10割,非等価で11,2割営業"
スロパチ広告,スロパチステーション,"5,6台並びの設定⑤⑥が複数個所
　　　(設置200台→3か所,400台→6か所）"
スロパチステーション潜入取材 光,スロパチステーション,
スロパチステーション潜入取材,スロパチステーション,
スロパチなごや嬢すみれ来店,その他取材・企画,
スロット日報潜入調査＆中山来店,スロット日報,不明 知ってる人教えてください
スロットss_G,PS-EMOTION,
スロットH,PS-EMOTION,
スロッタースロッター広告,パチンコ店長のホール攻略,未調査
スロッター×パチンカー 初開催,パチンコ店長のホール攻略,スロッター×2とパチンカー×2の同時開催
スロッター×パチンカー,パチンコ店長のホール攻略,スロッター×2とパチンカー×2の同時開催
スロッター×スロッター広告,パチンコ店長のホール攻略,4つの公約が存在。要HPチェック
スロッター×スロッター6.5,パチンコ店長のホール攻略,
スロッター×スロッター 初開催,パチンコ店長のホール攻略,4つの公約が存在。要HPチェック
スロッター×スロッター,パチンコ店長のホール攻略,4つの公約が存在。要HPチェック
スマートオフミー(初開催),オフミー,
スマートオフミー,オフミー,
スマスロリポート,ゲッツ!!,
スパジャッジ華王!!,スパ満開WEB,
スパジャッジ東海名物,スパ満開WEB,
スパジャッジM物語,スパ満開WEB,
スパジャッジ ガーベラレッド,スパ満開WEB,
スパジャッジ ガーベラピンク,スパ満開WEB,
スパジャッジ アンケート取材,スパ満開WEB,
スパジャッジ,スパ満開WEB,
スパジャグスパジャッジ!!,スパ満開WEB,
スパガールズ来店,スパ満開WEB,
スナイプ,アツ姫,特定の末尾に全台設定456投入
スナイパーズレポート(アメスロ),アメスロ,
スタレポNEO,ジャンバリ.TV,"3台設置以上の機種1機種以上に
　　　全台設定⑥投入"
スタレポ,ジャンバリ.TV,"4台以上設置機種に
　　　　全台設定6が複数投入"
スサノオ,ジャンバリ.TV,"スロ全体10％以上に設定456投入
　　　+3台以上1機種以上に全台設定456"
スゴろく！サンゴ,DMMぱちタウン,
スコーピオン取材 情熱の薔薇,DMMぱちタウン,
スコーピオン取材 八咫烏,DMMぱちタウン,
スコーピオン取材 マジ愛取材,DMMぱちタウン,未調査
スコーピオン取材 RISING SUN,DMMぱちタウン,
スコーピオン取材 REPO取材,DMMぱちタウン,未調査
スコーピオン取材 IMPERIAL BLUE,DMMぱちタウン,
スコーピオン取材 ArmStrong,DMMぱちタウン,未調査
スコーピオン取材 ALL ROUND取材,DMMぱちタウン,
スコーピオン取材 ALBATROSS TWIN,DMMぱちタウン,1機種(ツインは2機種)に設定全456
ジャンバリ魂,ジャンバリ.TV,未調査
ジャンバリ広告,ジャンバリ.TV,未調査
ジャッジメントS,アツ姫,
ジャッジメントP,アツ姫,
ジャックレポート,APチャンネル,
ジャックランタンOVER,アツ姫,
ジャックランタン,アツ姫,
ジャグレポ,スクープTV,ジャグラーシリーズが狙い目
ジャグペカッレポート,爆ガチ！,ジャグラーシリーズが狙い目
シーナ。(gooパチ),グーパチ,
シーサーペントOVER,アツ姫,
シーサーペント,アツ姫,
シーサ。オフミー取材,オフミー,
ジュラシック・レジェンドα,アツ姫,
サードライン,アツ姫,
サラマンダーZ,アツ姫,
サムライ乙女レポート 爆ガチ,アツ姫,戦国乙女示唆
サプライズスロッター,パチンコ店長のホール攻略,
ゴールデンオルトロス,アツ姫,"オルトロスが二日連続で開催
   　　公約もオルトロスと同じで
　　　全5.6機種2ヵ所になる"""
ゴールデン インフィニティー,ジャンバリ.TV,"6号機の各機種(3台以上設置)
　　　に1台以上設定④⑤⑥を投入"
ゴン予想（みんパチ）,パチンコ店長のホール攻略,未調査
コンプリート,日雇いホール,月一の集大成イベントの模様
コス×プレイ,DMMぱちタウン,
ゴルゴン,アツ姫,
ゲッツ!!サーティー,ゲッツ!!,
ゲッツ!!コラボ取材,ゲッツ!!,
ゲッツ!!エクストリームゲームス,ゲッツ!!,
グランドオープン 7日目,新装,グランドオープン
グランドオープン 6日目,新装,グランドオープン
グランドオープン 5日目,新装,グランドオープン
グランドオープン 4日目,新装,グランドオープン
グランドオープン 3日目,新装,グランドオープン
グランドオープン 2日目,新装,グランドオープン
グランドオープン 1日目,新装,グランドオープン
クロロスロッター,パチンコ店長のホール攻略,
ギャラクティカ,ニコナナ,不明
ギガヴェルデクス レポート,爆ガチ！,3台以上設置機種に3箇所設定56投入
ギガヒュドラ,アツ姫,3台以上機種に1台以上設定⑤⑥投入
ギガパチトロス,アツ姫,
ギガニャントロス,スクープTV,2台設置以上の3機種が全台設定56
ギガグリフォン,アツ姫,
ギガキマイラ,アツ姫,
ギガオロチ,ジャンバリ.TV,3台以上設置3機種以上に全台設定56
ギガオルトロス,アツ姫,3台以上設置機種に全台設定⑤⑥が3箇所
ガールズ来店,パチンコウォーカー,
ガンバレ30‼,DMMぱちタウン,
ガチレポフルハウス(紫),APチャンネル,
ガチレポスリーカード(黄),APチャンネル,
ガチレポスリーカード(紫),APチャンネル,
ガチレポクイーン,APチャンネル,
ガチレポキング,APチャンネル,
ガチレポエース(光),APチャンネル,
ガチプロたちの挽歌,パチマガスロマガ,来店実践
ガチスロ 乱れ咲き,リアルガチホール,
ガチスロ,リアルガチホール,
ガチアンケート虹色,ガチアン,
カンタ君入荷 必勝本,パチスロ必勝本,未調査
カリスマ取材,でちゃう！,
カチ盛りドリーム 初開催,スクープTV,"3台以上設置機種に
　　　全台設定6を1機種以上"
カチ盛りドリーム,スクープTV,"3台以上設置機種に
　　　全台設定6を1機種以上"
カチ盛りターゲット,スクープTV,"対象機種に設定6を1台以上投入
　　　※対象機種は要HP確認"
カグツチ,不明,不明 知ってる人教えてください
オーバー・ザ・トップ,ゲッツ!!,
オンリー１ホールレポート,爆ガチ！,不明 知ってる人教えてください
オルトロス,アツ姫,"3台以上設置の機種限定で
　　　全⑤⑥を2ヵ所以上"
オフミー開催(BBオフ会),オフミー,
オフミー開催 BBオフ会,オフミー,未調査
オフミー開催,オフミー,全４５６、全６など全台系の島が複数
オフミー取材,オフミー,全台形が数カ所入りやすい
オフミーガール 初開催,オフミー,未調査
オフミーガール,オフミー,来店実践
オクタゴン取材,でちゃう！,
エース小吉来店,その他取材・企画,
エースを狙え！,ゲッツ!!,
エンジェル来店,リーチエンジェル,来店
エンジェルジャッジ 初,Gooパチ,"全台系・バラ・並び・末尾・パネル
　　　　・機種末尾などから二つ以上"
エンジェルジャッジ,Gooパチ,"全台系・バラ・並び・末尾・パネル
　　　　・機種末尾などから二つ以上"
エンジェルボイス,アツ姫,
エリート漢気調査,名探偵ショウゴローの…,
エリアV,日雇いホール,バラエティ3台並びで高設定投入
エリアA,日雇いホルアド,Aタイプ機種に全台系
エニグマ 初開催,スクープTV,3台以上の2機種以上が設定⑤⑥
エニグマ,スクープTV,3台以上の2機種以上が設定⑤⑥
ウルトラリポート,ゲッツ!!,
ウシオフミー取材 初開催,オフミー,ウシオ×オフミー初開催
ウシオフミー 初開催,オフミー,ウシオ×オフミーコラボ
インパクト取材(パチマガスロマガじゃんじゃん),パチマガスロマガ,
インパクト取材 パチマガスロマガ,パチスロ必勝本,３台以上の機種で設定⑥×3箇所以上
アメスロ30レポート,アメスロ,
アマテラス,ジャンバリ.TV,"スロット設置台数の10%が
　　　設定4以上"
アニバーサリーレポート 爆ガチ,アツ姫,周年日示唆
アニバーサリージャック,アツ姫,
アナコンダ,アナコンダ,
アドリブスロパチンカー,パチンコ店長のホール攻略,
アドリブスロッター,パチンコ店長のホール攻略,
アツ姫編集部GO,アツ姫,
アツ姫独自取材 Q,アツ姫,未調査
アツ姫来店,アツ姫,
アツ姫GO,アツ姫,編集部が取材と称して来店する
れんじろう来店実践,スロパチステーション,パチンコ2BOXボーダー+2以上
よしき来店実践,スロパチステーション,"赤字営業(かなり強い)
　　　番長3が高設定が入りやすい"
ゆり姉来店,フリー,不明 知ってる人教えてください
ゆり姉実践,フリー,不明 知ってる人教えてください
もり田来店,その他取材・企画,
もも実践,Gooパチ,来店実践
もっくんのスロっちょ！,スクープTV,未調査
めなこ軍曹調査員,Gooパチ,Gooパチ調査員
めおしざこ来店,その他取材・企画,
まなみん来店,その他取材・企画,
ぷにまる来店,その他取材・企画,
ぱちレポA,APチャンネル,
ぱちレポ(アメスロ),アメスロ,
ぱちレポ 爆ガチ!,爆ガチ！,未調査
ぱちタウンタレント来店(MYME),DMMぱちタウン,
ぱちタウンエンジェルス,一撃✖️DMM,未調査
ぱちジャッジ 初,Gooパチ,不明 知ってる人教えてください
ぱちジャッジ,Gooパチ,未調査
ぱちんこインパクト取材,パチマガスロマガ,
ぱちまる襲来,スロパチステーション,パチンコ2BOXがボーダー＋2以上
ぱちまる応援地区,スロパチステーション,着ぐるみ来店なし
ぱちかす女子大生。まろ。来店,その他取材・企画,
はなれ技,パチンコウォーカー,
とれまる応援地区,スロパチステーション,着ぐるみ来店なし
とれまる×スロパチ取材 トレジャー,スロパチステーション,特定の台番の末尾に105%以上
とぅーでくすレポート,アメスロ,
でら真剣な意見を聞かせてくれ!,でちゃう！,
でら打ちたい台が固まっているか聞かせてくれ!,でちゃう！,
でらでら打ちたい台が固まっているか聞かせてくれ!,でちゃう！,
でちゃう編集部来店(髭原人),でちゃう！,
でちゃう編集部来店(電飾鼻男),でちゃう！,
でちゃう編集部来店(鈴木優梨),でちゃう！,
でちゃう編集部来店(サトシーニョ),でちゃう！,
でちゃう編集部来店(ほしまみ),でちゃう！,
でちゃう編集部来店(とこなっつ),でちゃう！,
でちゃう編集部来店(こしあん),でちゃう！,
でちゃう編集部来店(かおりん),でちゃう！,
でちゃう編集部来店(あんどりゅー),でちゃう！,
でちゃう編集部来店(あか姐),でちゃう！,
でちゃう来店ピスタチオ田中,でちゃう,来店実践
でちゃう来店 鈴木優梨,でちゃう,来店実践
でちゃう来店 葉月,でちゃう,来店実践
でちゃう来店 櫻井れな,でちゃう,来店実践
でちゃう来店 大原まい,でちゃう,来店実践
でちゃう来店 ピスタチオ田中,でちゃう,来店実践
でちゃう来店 ぽぽ,でちゃう,来店実践
でちゃう来店 こしあん,でちゃう,来店実践
でちゃう来店 GIN,でちゃう,来店実践
でちゃう!砲 第二弾,でちゃう！,
ちりめんじゃこ太さん来店,その他取材・企画,
ちゅんげーリサーチ 初,天草ヤスヲのちゅんげーリサーチ,未調査
ちゅんげーリサーチ,天草ヤスヲのちゅんげーリサーチ,"パネル,列,機種単位が全台系が複数"
ちゅんげー,天草ヤスヲのちゅんげーリサーチ,"パネル,列,機種単位が全台系が複数"
その日、最も盛り上がった光景を取材する,パチンコウォーカー,
その他来店,DMMぱちタウン,
すろかすドラマー来店,その他取材・企画,
じゃんじゃん来店実践×スロパチ取材光,スロパチステーション,"パチンコ2BOXがボーダー＋2以上
　　ジャグラーシリーズが全体出率102%以上"
じゃんじゃん来店実践,スロパチステーション,パチンコ2BOXがボーダー＋2以上
さくたまの夢と日常【収録】,ニコナナ,来店実践
こだわり分析(パチスロ),ななライズ,
かぼレポ,アツ姫,マジカルハロウィン示唆
かたまる応援地区,スロパチステーション,着ぐるみ来店なし
かたまる×スロパチ取材結,スロパチステーション,"高設定が6台並びで投入
　　　200台なら3箇所,400台なら6箇所"
かたまる×スロパチ取材 結,スロパチステーション,"高設定が6台並びで投入
　　　200台なら3箇所,400台なら6箇所"
かたまる×スロパチステーション潜入取材 結,スロパチステーション,
おゆん実践,Gooパチ,来店実践
おゆん,グーパチ,
おまちゃんねる,ネクストゾーン,
いそまる来店実践,スロパチステーション,赤字営業(バラエティに入りやすい)
いきなりヨースケ収録 ヨースケ,1GAME,未調査
あま照取材,アツ姫,
あつまる襲来,スロパチステーション,あつまるが来ると更に出率up
あつまる応援地区,スロパチステーション,"等価で10割,非等価で11,2割営業"
あつまる×スロパチ取材,スロパチステーション,"等価で10割,非等価で11,2割営業"
《SHOOTING》マシンガン,ジャンバリ.TV,5台以上の機種に全56を投入
《SHOOTING》バズーカ,ジャンバリ.TV,未調査
《SHOOTING》スリングショット,ジャンバリ.TV,
《SHOOTING》スナイパーライフル,ジャンバリ.TV,特定末尾番台に全④⑤⑥
《SHOOTING》ショットガン,ジャンバリ.TV,
《SHOOTING》グレネードボム,ジャンバリ.TV,
《SHOOTING》Wバズーカ,ジャンバリ.TV,"4台以上設置機種に全⑤⑥を
　　　2機種以上投入"
luckynumber,APチャンネル,
chiiips取材,ChiiiPS(チップス),
Zukyun!,パチスロ必勝本,"特定末尾に設定56が投入
　　　（等価の場合は設定456）"
Zukyun DUO,パチスロ必勝本,特定の末尾に高設定投入
ZEN 禅,パチスロ必勝本,3台以上の機種に全56あり
WORLDSTANDARD金version,アツ姫,
VIP,スクープTV,1/3以上が設定456
Tiger＆Dragon,APチャンネル,
TUR,アツ姫,
TSURANUKI,でちゃう！,
TRI,アツ姫,
THE新台入替,DMMぱちタウン,
THE K1NG of スクープ!,スクープTV,赤字営業
TARGET,一撃,Aタイプに一機種以上全台系
S級スロッター,ニコナナ,不明 知ってる人教えてください
SUPERフェニックス,アツ姫,スロット全体の10％が設定56
SPX,アツ姫,
SEASON！スパジャッジ取材!!,スパ満開WEB,
SCORPION取材,DMMぱちタウン,複数回に分けて数種類のイベントを開催
S-Bakyun!トレス,パチスロ必勝本,5台並びで設定456が複数箇所
S-Bakyun!,パチスロ必勝本,5台並びで設定456が複数箇所
Re:START取材,アツ姫,リゼロが対象の取材
REAL取材,DMMぱちタウン,不明 知ってる人教えてください
R30 ★★★★,ゼロノス,ジャグラーシリーズが狙い目の模様
R30 ★★,P-martTV,ジャグラー
P求道者取材,でちゃう！,
Pレミアム！スパジャッジ取材!!,スパ満開WEB,
PモンスターレコードSEASON2023,パチンコウォーカー,
Pでら真剣な意見を聞かせてくれ,でちゃう！,
Pでら固まっているか聞かせてくれ,でちゃう！,
P★1取材,ゲッツ!!,
PPP!スパジャッジ,スパ満開WEB,
PPP,アツ姫,
PNS,DMMぱちタウン,
PKP,APチャンネル,
PGAオープン,でちゃう！,
P-tube広告,P-martTV,未調査
NARABU無双,アツ姫,5台並びで設定56が2箇所
NARABU LEGEND,アツ姫,5台並びで設定56が3箇所
NARABU,アツ姫,5台並びで設定56が1箇所
MONSTER BALL,パチンコウォーカー,
Kの意思,アツ姫,
KOK,アツ姫,
KKK,アツ姫,
KING OF SLOT,アツ姫,
KING GOLDEN JACK,DMMぱちタウン,
JBメンバーズ来店,ジャンバリ.TV,誰が来るかは不明
JBメンバーズ・タレント来店,ジャンバリ.TV,未調査
IMCいむちゃんねる 収録予定,IMCいむちゃんねる,未調査
HiTension取材,でちゃう！,
HAHAHAHAレポート,ジャンバリ.TV,
H time,ゲッツ!!,
Gooパチジャッジ2nd,Gooパチ,機種単位で高設定台が複数
Gooパチ ジャッジ2nd 初,Gooパチ,機種単位で高設定台が複数
Gooパチ ジャッジ2nd,Gooパチ,機種単位で高設定台が複数
Gooパチ ジャッジ1st 初,Gooパチ,"6つの公約から3つを選択
　　　店全体機械割が100%以上"
Gooパチ ジャッジ1st,Gooパチ,"6つの公約から3つを選択
　　　店全体機械割が100%以上"
Get'sTV,ゲッツ!!,
GPM降臨,アツ姫,
GPL,アツ姫,"3台以上構成機種の3機種以上に全456
　　　+総台数の10％に設定6を投入
　　　+3台以上設置機種の1機種に全6
　　　+3か所に5台並びで設定全56"
GOTO神奈川 初開催,パチンコ店長のホール攻略,未調査
GOTO神奈川,パチンコ店長のホール攻略,未調査
GOTOオフミー 初開催,オフミー,未調査
GOTOオフミー,オフミー,
GOLDENAGE,アツ姫,
GOGOスロット,ジャンバリ.TV,ジャグラーが狙い目(公約なし)
GIANTPOWER,アツ姫,
FLASHジャックNEO,アツ姫,沖スロやジャグラーシリーズなどが狙い目
FLASHジャック,アツ姫,沖スロやジャグラーシリーズなどが狙い目
EPIC30リポート,ゲッツ!!,
Dynamite取材 覚醒取材,DMMぱちタウン,
Dynamite取材 暴走MISSION取材,DMMぱちタウン,
Dynamite取材 新基準RESEARCH,DMMぱちタウン,
Dynamite取材 撮りドキ取材,DMMぱちタウン,
Dynamite取材 乱舞取材,DMMぱちタウン,
Dynamite取材 シンクロ取材,DMMぱちタウン,
Dynamite取材 SPLASH取材,DMMぱちタウン,
Dynamite取材 CHANGE取材,DMMぱちタウン,
Dokyun!,パチスロ必勝本,未調査
Dokiレポ,スクープTV,沖ドキシリーズが狙い目
DiCE,パチスロ必勝本,"⑥台以上の設置機種から
　　　2機種以上がオール設定"
DUELSLOTTERS×PACHINKERS(パチンコ),DMMぱちタウン,
DUELSLOTTERS×PACHINKERS(パチ×スロ),DMMぱちタウン,
DMM番組収録,DMMぱちタウン,
CRS,アツ姫,
COMPLETE取材,アツ姫,
Bakyun!トレス,パチスロ必勝本,設定⑤⑥の3台並びが5箇所以上
Bakyun!スケールX,パチスロ必勝本,5台並びで10か所に全⑤⑥
Bakyun!スケールO,パチスロ必勝本,"台番号5台以上並びで
　　　　高設定が8箇所以上"
Bakyun!スケールL,パチスロ必勝本,5台並びで7〜8箇所が全④⑤⑥
Bakyun!&,パチスロ必勝本,"５台以上並びで設定６が
　　　２ヵ所以上設置(台数で変化)"
Bakyun!,パチスロ必勝本,"５台以上並びで設定６が
　　　２ヵ所以上設置(台数で変化)"
BUZZ! 関東,パチスロ必勝本,半6が4機種
BUZZ!,パチスロ必勝本,半6が4機種
BURST,スクープTV,設定⑤⑥が5台並び 設置2箇所以上
BRAND-NEWSLOT,アツ姫,
BASHFIGHT,BASHtv,未調査
BASH QUEST,BASHtv,4台設置機種に二箇所
BASH COMBO,スクープTV,前日高設定の据置き
Aプロジェクト,ジャンバリ.TV,Aタイプコーナー対象
Amy取材でちゃう,でちゃう,未調査
Amy取材 でちゃう,でちゃう,未調査
AceOVER,アツ姫,
APチャンネル来店収録,APチャンネル,
APチャンネル来店,APチャンネル,
1日回胴録ハンチョウ石神収録 ガット石神,1GAME,来店実践
1Punch取材,アツ姫,
